region	start datum	target datum	c_x ( metre )	c_y (metre)	c_z (metre)	s ( ppm )	r x ( arcsecond )	r y ( arcsecond )	r z ( arcsecond )
slovenia etrs89	d48	d96	409.545	72.164	486.872	17.919665	3.085957	5.46911	11.020289
england , scotland , wales	wgs84	osgb36	446.448	125.157	542.06	20.4894	0.1502	0.247	0.8421
ireland	wgs84	ireland 1965	482.53	130.596	564.557	8.15	1.042	0.214	0.631
germany	wgs84	dhdn	591.28	81.35	396.39	9.82	1.477	0.0736	1.458
germany	wgs84	bessel 1841	582.0	105.0	414.0	8.3	1.04	0.35	3.08
germany	wgs84	krassovski 1940	24.0	123.0	94.0	1.1	0.02	0.26	0.13
austria (bev)	wgs84	mgi	577.326	90.129	463.92	2.423	5.137	1.474	5.297
